# Old areazine.com was a city/country news aggregator.
# Redirect old city paths to new city data pages.

# US cities → City data pages
/charlotte/* /cities/charlotte 301
/charlotte /cities/charlotte 301
/akron/* /cities/akron 301
/akron /cities/akron 301
/dallas/* /cities/dallas 301
/dallas /cities/dallas 301
/houston/* /cities/houston 301
/houston /cities/houston 301
/atlanta/* /cities/atlanta 301
/atlanta /cities/atlanta 301
/austin/* /cities/austin 301
/austin /cities/austin 301
/boston/* /cities/boston 301
/boston /cities/boston 301
/chicago/* /cities/chicago 301
/chicago /cities/chicago 301
/denver/* /cities/denver 301
/denver /cities/denver 301
/detroit/* /cities/detroit 301
/detroit /cities/detroit 301
/miami/* /cities/miami 301
/miami /cities/miami 301
/phoenix/* /cities/phoenix 301
/phoenix /cities/phoenix 301
/seattle/* /cities/seattle 301
/seattle /cities/seattle 301
/los-angeles/* /cities/los-angeles 301
/los-angeles /cities/los-angeles 301
/san-francisco/* /cities/san-francisco 301
/san-francisco /cities/san-francisco 301

# Earthquake-prone international regions → Earthquakes
/santiago/* /earthquakes 301
/santiago /earthquakes 301
/mexico/* /earthquakes 301
/mexico /earthquakes 301
/japan/* /earthquakes 301
/japan /earthquakes 301
/chile/* /earthquakes 301
/chile /earthquakes 301

# Country/international pages → All articles
/iraq/* /articles 301
/iraq /articles 301
/ukraine/* /articles 301
/ukraine /articles 301
/china/* /articles 301
/china /articles 301
/india/* /articles 301
/india /articles 301

# Generic old paths → All articles
/news/* /articles 301
/news /articles 301
/breaking/* /articles 301
/breaking /articles 301
/latest/* /articles 301
/latest /articles 301
