{
  "stateCode": "CA",
  "stateName": "California",
  "cityCount": 547,
  "totalPopulation": 37259674,
  "avgMedianIncome": 88434,
  "avgMedianHomeValue": 601616,
  "rankings": {
    "byPopulation": [
      {
        "slug": "los-angeles",
        "name": "Los Angeles",
        "value": 3820914
      },
      {
        "slug": "san-diego",
        "name": "San Diego",
        "value": 1404452
      },
      {
        "slug": "san-jose",
        "name": "San Jose",
        "value": 997368
      },
      {
        "slug": "san-francisco",
        "name": "San Francisco",
        "value": 827526
      },
      {
        "slug": "fresno-ca",
        "name": "Fresno",
        "value": 542107
      },
      {
        "slug": "sacramento",
        "name": "Sacramento",
        "value": 524943
      },
      {
        "slug": "long-beach-ca",
        "name": "Long Beach",
        "value": 474140
      },
      {
        "slug": "oakland-ca",
        "name": "Oakland",
        "value": 419267
      },
      {
        "slug": "bakersfield",
        "name": "Bakersfield",
        "value": 373640
      },
      {
        "slug": "anaheim",
        "name": "Anaheim",
        "value": 350742
      }
    ],
    "byIncome": [
      {
        "slug": "san-jose",
        "name": "San Jose",
        "value": 153792
      },
      {
        "slug": "daly-city",
        "name": "Daly City",
        "value": 149907
      },
      {
        "slug": "san-rafael",
        "name": "San Rafael",
        "value": 142019
      },
      {
        "slug": "san-francisco",
        "name": "San Francisco",
        "value": 136689
      },
      {
        "slug": "oakland-ca",
        "name": "Oakland",
        "value": 122488
      },
      {
        "slug": "concord-ca",
        "name": "Concord",
        "value": 120020
      },
      {
        "slug": "roseville-ca",
        "name": "Roseville",
        "value": 109375
      },
      {
        "slug": "anaheim",
        "name": "Anaheim",
        "value": 109361
      },
      {
        "slug": "napa",
        "name": "Napa",
        "value": 105809
      },
      {
        "slug": "hollister",
        "name": "Hollister",
        "value": 104451
      }
    ],
    "byHomeValue": [
      {
        "slug": "daly-city",
        "name": "Daly City",
        "value": 1441300
      },
      {
        "slug": "san-francisco",
        "name": "San Francisco",
        "value": 1348700
      },
      {
        "slug": "san-jose",
        "name": "San Jose",
        "value": 1316800
      },
      {
        "slug": "san-rafael",
        "name": "San Rafael",
        "value": 1291800
      },
      {
        "slug": "oakland-ca",
        "name": "Oakland",
        "value": 999200
      },
      {
        "slug": "santa-cruz",
        "name": "Santa Cruz",
        "value": 951300
      },
      {
        "slug": "anaheim",
        "name": "Anaheim",
        "value": 862900
      },
      {
        "slug": "napa",
        "name": "Napa",
        "value": 794500
      },
      {
        "slug": "concord-ca",
        "name": "Concord",
        "value": 787300
      },
      {
        "slug": "santa-rosa",
        "name": "Santa Rosa",
        "value": 748500
      }
    ]
  },
  "cities": [
    "adelanto",
    "agoura",
    "agoura-hills",
    "agua-caliente",
    "alameda",
    "alamo-ca",
    "albany-ca",
    "alhambra-ca",
    "aliso-viejo",
    "alpine-ca",
    "altadena",
    "alum-rock",
    "american-canyon",
    "anaheim",
    "anderson-ca",
    "antelope",
    "antioch-ca",
    "apple-valley-ca",
    "arcadia",
    "arcata",
    "arden-arcade",
    "arroyo-grande",
    "artesia-ca",
    "arvin",
    "ashland-ca",
    "atascadero",
    "atwater",
    "atwater-village",
    "auburn-ca",
    "avenal",
    "avocado-heights",
    "azusa",
    "bakersfield",
    "baldwin-park",
    "banning",
    "barstow",
    "barstow-heights",
    "bay-point",
    "bayside-ca",
    "bayview-hunters-point",
    "beaumont-ca",
    "bell",
    "bell-gardens",
    "bellflower",
    "belmont-ca",
    "benicia",
    "berkeley",
    "beverly-hills-ca",
    "big-bear-city",
    "bloomington-ca",
    "blythe",
    "bonita",
    "bostonia",
    "boyle-heights",
    "brawley",
    "brea",
    "brentwood-ca",
    "buena-park",
    "burbank-ca",
    "burlingame",
    "calabasas",
    "calexico",
    "california-city",
    "camarillo",
    "cameron-park",
    "camp-pendleton-south",
    "campbell",
    "canoga-park",
    "canyon-country",
    "canyon-lake-ca",
    "capitola",
    "carlsbad-ca",
    "carmichael",
    "carpinteria",
    "carson",
    "casa-de-oro-mount-helix",
    "castaic",
    "castro-valley",
    "cathedral-city",
    "ceres",
    "cerritos",
    "chatsworth",
    "cherryland",
    "chico",
    "chinatown-ca",
    "chino",
    "chino-hills",
    "chowchilla",
    "chula-vista",
    "citrus",
    "citrus-heights",
    "claremont-ca",
    "clayton-ca",
    "clearlake",
    "clovis-ca",
    "coachella",
    "coalinga",
    "colton",
    "commerce",
    "communications-hill",
    "compton",
    "concord-ca",
    "corcoran",
    "corona-ca",
    "coronado",
    "costa-mesa",
    "coto-de-caza",
    "covina",
    "crestline",
    "cudahy-ca",
    "culver-city",
    "cupertino",
    "cypress-ca",
    "daly-city",
    "dana-point",
    "danville-ca",
    "davis",
    "del-aire",
    "delano",
    "delhi",
    "desert-hot-springs",
    "diamond-bar",
    "diamond-springs",
    "dinuba",
    "discovery-bay",
    "dixon-ca",
    "downey",
    "duarte",
    "dublin-ca",
    "east-hemet",
    "east-los-angeles",
    "east-palo-alto",
    "east-rancho-dominguez",
    "east-san-gabriel",
    "eastvale",
    "echo-park",
    "el-cajon",
    "el-camino-real",
    "el-centro",
    "el-cerrito",
    "el-dorado-hills",
    "el-monte",
    "el-segundo",
    "el-sobrante",
    "elk-grove",
    "emeryville",
    "encinitas",
    "encino",
    "escondido",
    "eureka-ca",
    "exeter",
    "fair-oaks",
    "fairfield-ca",
    "fairview-ca",
    "fallbrook",
    "farmersville",
    "fillmore",
    "florence-graham",
    "florin",
    "folsom",
    "fontana",
    "foothill-farms",
    "foothill-ranch",
    "fortuna",
    "foster-city",
    "fountain-valley",
    "fremont-ca",
    "fresno-ca",
    "fullerton-ca",
    "galt",
    "garden-acres",
    "garden-grove",
    "gardena",
    "gilroy",
    "glen-avon",
    "glendale-ca",
    "glendora",
    "goleta",
    "grand-terrace",
    "granite-bay",
    "grass-valley",
    "greenfield-ca",
    "grover-beach",
    "hacienda-heights",
    "half-moon-bay",
    "hanford",
    "hawaiian-gardens",
    "hawthorne-ca",
    "hayward",
    "healdsburg",
    "hemet",
    "hercules",
    "hermosa-beach",
    "hesperia",
    "highland-ca",
    "hillsborough-ca",
    "hollister",
    "hollywood-ca",
    "home-gardens",
    "huntington-beach",
    "huntington-park",
    "imperial",
    "imperial-beach",
    "indio",
    "inglewood",
    "irvine",
    "isla-vista",
    "jurupa-valley",
    "kerman",
    "king-city",
    "kingsburg",
    "koreatown",
    "la-canada-flintridge",
    "la-crescenta-montrose",
    "la-habra",
    "la-jolla",
    "la-mesa",
    "la-mirada",
    "la-palma",
    "la-presa",
    "la-puente",
    "la-quinta",
    "la-riviera",
    "la-verne",
    "ladera-ranch",
    "lafayette-ca",
    "laguna",
    "laguna-beach",
    "laguna-hills",
    "laguna-niguel",
    "laguna-woods",
    "lake-arrowhead",
    "lake-elsinore",
    "lake-forest-ca",
    "lake-los-angeles",
    "lakeland-village",
    "lakeside-ca",
    "lakewood-ca",
    "lamont",
    "lancaster-ca",
    "larkspur",
    "lathrop",
    "lawndale-ca",
    "lemon-grove",
    "lemoore",
    "lennox",
    "lincoln-ca",
    "linda",
    "lindsay",
    "live-oak-ca",
    "livermore",
    "livingston-ca",
    "lodi-ca",
    "loma-linda",
    "lomita",
    "lompoc",
    "long-beach-ca",
    "los-alamitos",
    "los-altos",
    "los-angeles",
    "los-banos",
    "los-gatos",
    "los-osos",
    "lynwood",
    "madera",
    "magalia",
    "malibu",
    "manhattan-beach",
    "manteca",
    "marina",
    "martinez-ca",
    "marysville-ca",
    "maywood-ca",
    "mcfarland",
    "mckinleyville",
    "mead-valley",
    "mendota",
    "menifee",
    "menlo-park",
    "merced",
    "mid-city",
    "mill-valley",
    "millbrae",
    "milpitas",
    "mira-mesa",
    "mission-district",
    "mission-viejo",
    "modesto",
    "monrovia",
    "montclair-ca",
    "montebello",
    "monterey",
    "monterey-park",
    "moorpark",
    "moraga",
    "moreno-valley",
    "morgan-hill",
    "morro-bay",
    "mountain-view",
    "murrieta",
    "muscoy",
    "napa",
    "national-city",
    "newark-ca",
    "newman",
    "newport-beach",
    "nipomo",
    "noe-valley",
    "norco",
    "north-auburn",
    "north-fair-oaks",
    "north-highlands",
    "north-hills",
    "north-hollywood",
    "north-tustin",
    "northridge",
    "northwood",
    "norwalk-ca",
    "novato",
    "oak-creek-ca",
    "oak-park-ca",
    "oakdale-ca",
    "oakland-ca",
    "oakley",
    "oceanside-ca",
    "oildale",
    "olivehurst",
    "ontario-ca",
    "orange-ca",
    "orangevale",
    "orcutt",
    "orinda",
    "oroville",
    "oxnard",
    "pacific-grove",
    "pacific-palisades",
    "pacifica",
    "palm-desert",
    "palm-springs-ca",
    "palmdale",
    "palo-alto",
    "palos-verdes-estates",
    "paradise-ca",
    "paramount",
    "parkside",
    "parkway",
    "parlier",
    "pasadena-ca",
    "paso-robles",
    "patterson",
    "pedley",
    "perris",
    "petaluma",
    "phelan",
    "pico-rivera",
    "piedmont",
    "pinole",
    "pittsburg-ca",
    "placentia",
    "placerville",
    "pleasant-hill",
    "pleasanton",
    "pomona",
    "port-hueneme",
    "porterville",
    "poway",
    "prunedale",
    "quartz-hill",
    "ramona",
    "rancho-cordova",
    "rancho-cucamonga",
    "rancho-mirage",
    "rancho-palos-verdes",
    "rancho-penasquitos",
    "rancho-san-diego",
    "rancho-santa-margarita",
    "red-bluff",
    "redding",
    "redlands",
    "redondo-beach",
    "redwood-city",
    "redwood-shores",
    "reedley",
    "reseda",
    "rialto",
    "richmond-ca",
    "ridgecrest",
    "rio-linda",
    "ripon",
    "riverbank",
    "riverside-ca",
    "rocklin",
    "rohnert-park",
    "rosamond",
    "rosedale-ca",
    "rosemead",
    "rosemont",
    "roseville-ca",
    "rossmoor",
    "rowland-heights",
    "rubidoux",
    "sacramento",
    "salida",
    "salinas",
    "san-anselmo",
    "san-bernardino",
    "san-bruno",
    "san-carlos",
    "san-clemente",
    "san-diego",
    "san-diego-country-estates",
    "san-dimas",
    "san-fernando",
    "san-francisco",
    "san-gabriel",
    "san-jacinto",
    "san-jose",
    "san-juan-capistrano",
    "san-leandro",
    "san-lorenzo",
    "san-luis-obispo",
    "san-marcos-ca",
    "san-marino",
    "san-mateo",
    "san-pablo",
    "san-pedro",
    "san-rafael",
    "san-ramon",
    "sanger",
    "santa-ana",
    "santa-barbara",
    "santa-clara",
    "santa-clarita",
    "santa-cruz",
    "santa-fe-springs",
    "santa-maria",
    "santa-monica",
    "santa-paula",
    "santa-rosa",
    "santee",
    "saratoga",
    "sawtelle",
    "scotts-valley",
    "seal-beach",
    "seaside-ca",
    "selma-ca",
    "shadow-hills",
    "shafter",
    "shasta-lake",
    "sherman-oaks",
    "sierra-madre",
    "signal-hill",
    "silver-lake",
    "simi-valley",
    "solana-beach",
    "soledad",
    "sonoma",
    "south-el-monte",
    "south-gate-ca",
    "south-lake-tahoe",
    "south-pasadena",
    "south-san-francisco",
    "south-san-jose-hills",
    "south-whittier",
    "south-yuba-city",
    "spring-valley-ca",
    "stanford",
    "stanton",
    "stevenson-ranch",
    "stockton",
    "stonegate",
    "studio-city",
    "suisun",
    "sun-city-ca",
    "sun-village",
    "sunland",
    "sunnyvale",
    "susanville",
    "sylmar",
    "tamalpais-homestead-valley",
    "tehachapi",
    "temecula",
    "temple-city",
    "thousand-oaks",
    "torrance",
    "tracy",
    "truckee",
    "tujunga",
    "tulare",
    "turlock",
    "turtle-rock",
    "tustin",
    "tustin-legacy",
    "twentynine-palms",
    "uc-irvine",
    "ukiah",
    "union-city-ca",
    "universal-city-ca",
    "upland",
    "vacaville",
    "valencia",
    "valinda",
    "valle-vista",
    "vallejo",
    "valley-glen",
    "van-nuys",
    "venice-ca",
    "ventura",
    "vermont-square",
    "victorville",
    "view-park-windsor-hills",
    "vincent",
    "vineyard",
    "visalia",
    "visitacion-valley",
    "vista",
    "walnut",
    "walnut-creek",
    "walnut-park",
    "wasco-ca",
    "watsonville",
    "west-carson",
    "west-covina",
    "west-hills",
    "west-hollywood-ca",
    "west-puente-valley",
    "west-sacramento",
    "west-whittier-los-nietos",
    "westminster-ca",
    "westmont-ca",
    "westpark",
    "whittier",
    "wildomar",
    "willowbrook",
    "wilmington-ca",
    "windsor-ca",
    "winnetka-ca",
    "winter-gardens",
    "winton",
    "woodbridge-ca",
    "woodcrest",
    "woodland",
    "woodland-hills",
    "yorba-linda",
    "yuba-city",
    "yucaipa",
    "yucca-valley"
  ],
  "generatedAt": "2026-02-11T17:08:27.891Z"
}