{
  "stateCode": "FL",
  "stateName": "Florida",
  "cityCount": 342,
  "totalPopulation": 14449162,
  "avgMedianIncome": 68610,
  "avgMedianHomeValue": 290041,
  "rankings": {
    "byPopulation": [
      {
        "slug": "jacksonville-fl",
        "name": "Jacksonville",
        "value": 1009833
      },
      {
        "slug": "miami-fl",
        "name": "Miami",
        "value": 487014
      },
      {
        "slug": "tampa",
        "name": "Tampa",
        "value": 414547
      },
      {
        "slug": "orlando",
        "name": "Orlando",
        "value": 334854
      },
      {
        "slug": "st-petersburg",
        "name": "St. Petersburg",
        "value": 257083
      },
      {
        "slug": "hialeah",
        "name": "Hialeah",
        "value": 237069
      },
      {
        "slug": "tallahassee",
        "name": "Tallahassee",
        "value": 201731
      },
      {
        "slug": "fort-lauderdale",
        "name": "Fort Lauderdale",
        "value": 183146
      },
      {
        "slug": "cape-coral",
        "name": "Cape Coral",
        "value": 175229
      },
      {
        "slug": "pembroke-pines",
        "name": "Pembroke Pines",
        "value": 166611
      }
    ],
    "byIncome": [
      {
        "slug": "st-johns",
        "name": "St. Johns",
        "value": 100020
      },
      {
        "slug": "navarre",
        "name": "Navarre",
        "value": 84715
      },
      {
        "slug": "fernandina-beach",
        "name": "Fernandina Beach",
        "value": 84085
      },
      {
        "slug": "lakeside-fl",
        "name": "Lakeside",
        "value": 82242
      },
      {
        "slug": "immokalee",
        "name": "Immokalee",
        "value": 82011
      },
      {
        "slug": "key-west",
        "name": "Key West",
        "value": 80111
      },
      {
        "slug": "sanford-fl",
        "name": "Sanford",
        "value": 79490
      },
      {
        "slug": "palm-city",
        "name": "Palm City",
        "value": 77894
      },
      {
        "slug": "north-port",
        "name": "North Port",
        "value": 77213
      },
      {
        "slug": "west-palm-beach",
        "name": "West Palm Beach",
        "value": 76066
      }
    ],
    "byHomeValue": [
      {
        "slug": "key-west",
        "name": "Key West",
        "value": 696900
      },
      {
        "slug": "immokalee",
        "name": "Immokalee",
        "value": 443700
      },
      {
        "slug": "st-johns",
        "name": "St. Johns",
        "value": 416100
      },
      {
        "slug": "miami-fl",
        "name": "Miami",
        "value": 387000
      },
      {
        "slug": "west-palm-beach",
        "name": "West Palm Beach",
        "value": 368300
      },
      {
        "slug": "palm-city",
        "name": "Palm City",
        "value": 359200
      },
      {
        "slug": "fort-lauderdale",
        "name": "Fort Lauderdale",
        "value": 348600
      },
      {
        "slug": "north-port",
        "name": "North Port",
        "value": 338500
      },
      {
        "slug": "sanford-fl",
        "name": "Sanford",
        "value": 329300
      },
      {
        "slug": "orlando",
        "name": "Orlando",
        "value": 329000
      }
    ]
  },
  "cities": [
    "alafaya",
    "allapattah",
    "altamonte-springs",
    "apollo-beach",
    "apopka",
    "atlantic-beach",
    "auburndale",
    "aventura",
    "avon-park",
    "azalea-park",
    "bartow",
    "bayonet-point",
    "bayshore-gardens",
    "bellair-meadowbrook-terrace",
    "belle-glade",
    "bellview",
    "bloomingdale-fl",
    "boca-del-mar",
    "boca-raton",
    "bonita-springs",
    "boynton-beach",
    "bradenton",
    "brandon-fl",
    "brent",
    "brownsville-fl",
    "buenaventura-lakes",
    "callaway",
    "cantonment",
    "cape-coral",
    "carol-city",
    "carrollwood",
    "carrollwood-village",
    "casselberry",
    "cheval",
    "citrus-park",
    "citrus-ridge",
    "clearwater",
    "clermont",
    "cocoa",
    "cocoa-beach",
    "coconut-creek",
    "coconut-grove",
    "conway-fl",
    "cooper-city",
    "coral-gables",
    "coral-springs",
    "coral-terrace",
    "country-club",
    "country-walk",
    "crestview",
    "cutler",
    "cutler-bay",
    "cutler-ridge",
    "cypress-lake",
    "dania-beach",
    "davie",
    "daytona-beach",
    "debary",
    "deerfield-beach",
    "deland",
    "delray-beach",
    "deltona",
    "destin",
    "doctor-phillips",
    "doral",
    "dunedin",
    "east-lake",
    "east-lake-orient-park",
    "east-milton",
    "east-naples",
    "east-pensacola-heights",
    "edgewater-fl",
    "egypt-lake-leto",
    "elfers",
    "eloise",
    "englewood-fl",
    "ensley",
    "estero",
    "eustis",
    "fairview-shores",
    "fernandina-beach",
    "ferry-pass",
    "fish-hawk",
    "flagami",
    "fleming-island",
    "florida-city",
    "florida-ridge",
    "forest-city",
    "fort-lauderdale",
    "fort-myers",
    "fort-pierce",
    "fort-walton-beach",
    "fountainebleau",
    "four-corners-fl",
    "fruit-cove",
    "fruitville",
    "gainesville-fl",
    "gibsonton",
    "gladeview",
    "glenvar-heights",
    "golden-gate",
    "golden-glades",
    "goldenrod",
    "gonzalez",
    "goulds",
    "greater-northdale",
    "greenacres-city",
    "groveland",
    "gulf-gate-estates",
    "gulfport-fl",
    "haines-city",
    "hallandale-beach",
    "hialeah",
    "hialeah-gardens",
    "highland-city",
    "hobe-sound",
    "holiday",
    "holly-hill",
    "hollywood-fl",
    "homestead",
    "homosassa-springs",
    "horizon-west",
    "hudson-fl",
    "hunters-creek",
    "immokalee",
    "iona",
    "ives-estates",
    "jacksonville-beach",
    "jacksonville-fl",
    "jasmine-estates",
    "jensen-beach",
    "jupiter",
    "kendale-lakes",
    "kendall",
    "kendall-west",
    "key-biscayne",
    "key-largo",
    "key-west",
    "keystone",
    "kings-point",
    "kissimmee",
    "lady-lake",
    "lake-butler",
    "lake-city",
    "lake-magdalene",
    "lake-mary",
    "lake-wales",
    "lake-worth-beach",
    "lake-worth-corridor",
    "lakeland-fl",
    "lakeland-highlands",
    "lakes-by-the-bay",
    "lakeside-fl",
    "lakewood-park",
    "land-o-lakes",
    "lantana",
    "largo-fl",
    "lauderdale-lakes",
    "lauderhill",
    "lealman",
    "leesburg-fl",
    "lehigh-acres",
    "leisure-city",
    "lighthouse-point",
    "little-havana",
    "lockhart-fl",
    "longwood",
    "lutz",
    "lynn-haven",
    "maitland",
    "mango",
    "marco",
    "marco-island",
    "margate",
    "marion-oaks",
    "meadow-woods",
    "melbourne",
    "merritt-island",
    "miami-beach",
    "miami-fl",
    "miami-gardens",
    "miami-lakes",
    "miami-shores",
    "miami-springs",
    "middleburg",
    "midway",
    "minneola",
    "miramar",
    "mount-dora",
    "myrtle-grove",
    "naples",
    "naranja",
    "navarre",
    "new-port-richey",
    "new-port-richey-east",
    "new-smyrna-beach",
    "niceville",
    "norland",
    "north-andrews-gardens",
    "north-fort-myers",
    "north-lauderdale",
    "north-miami",
    "north-miami-beach",
    "north-palm-beach",
    "north-port",
    "northdale",
    "oak-ridge-fl",
    "oakland-park",
    "oakleaf-plantation",
    "ocala",
    "ocoee",
    "ojus",
    "oldsmar",
    "olympia-heights",
    "on-top-of-the-world",
    "opa-locka",
    "orange-city",
    "orlando",
    "ormond-beach",
    "oviedo",
    "pace",
    "palatka",
    "palm-bay",
    "palm-beach-gardens",
    "palm-city",
    "palm-coast",
    "palm-harbor",
    "palm-river-clair-mel",
    "palm-springs-fl",
    "palm-valley",
    "palmetto",
    "palmetto-bay",
    "palmetto-estates",
    "panama-city",
    "panama-city-beach",
    "parkland-fl",
    "pembroke-pines",
    "pensacola",
    "pine-castle",
    "pine-hills",
    "pinecrest",
    "pinellas-park",
    "pinewood",
    "plant-city",
    "plantation",
    "poinciana",
    "pompano-beach",
    "ponte-vedra-beach",
    "port-charlotte",
    "port-orange",
    "port-saint-john",
    "port-saint-lucie",
    "port-salerno",
    "princeton-fl",
    "punta-gorda",
    "punta-gorda-isles",
    "richmond-west",
    "riverview-fl",
    "riviera-beach-fl",
    "rockledge",
    "royal-palm-beach",
    "ruskin",
    "safety-harbor",
    "saint-augustine",
    "saint-cloud-fl",
    "san-carlos-park",
    "sandalfoot-cove",
    "sanford-fl",
    "santa-rosa-beach",
    "sarasota",
    "sarasota-springs",
    "satellite-beach",
    "scott-lake",
    "sebastian",
    "sebring",
    "seminole",
    "shady-hills",
    "silver-springs",
    "south-bradenton",
    "south-daytona",
    "south-miami",
    "south-miami-heights",
    "south-venice",
    "southchase",
    "spring-hill-fl",
    "st-johns",
    "st-petersburg",
    "stuart",
    "sun-city-center",
    "sunny-isles-beach",
    "sunrise",
    "sunset",
    "sweetwater-fl",
    "tallahassee",
    "tamarac",
    "tamiami",
    "tampa",
    "tarpon-springs",
    "tavares",
    "temple-terrace",
    "the-acreage",
    "the-crossings",
    "the-hammocks",
    "the-villages",
    "thonotosassa",
    "three-lakes",
    "titusville",
    "town-n-country",
    "trinity",
    "university",
    "university-park-fl",
    "upper-grand-lagoon",
    "valrico",
    "venice-fl",
    "vero-beach",
    "vero-beach-south",
    "viera-east",
    "villas",
    "warrington",
    "wekiwa-springs",
    "wellington",
    "wesley-chapel",
    "west-and-east-lealman",
    "west-hollywood-fl",
    "west-little-river",
    "west-melbourne",
    "west-palm-beach",
    "west-park",
    "west-pensacola",
    "west-perrine",
    "westchase",
    "westchester-fl",
    "weston-fl",
    "westwood-lake",
    "wilton-manors",
    "winter-garden",
    "winter-haven",
    "winter-park",
    "winter-springs",
    "wright",
    "yulee",
    "zephyrhills"
  ],
  "generatedAt": "2026-02-11T17:08:27.893Z"
}